Mes;Tasa Desempleo;elempleo: (Colombia);empleo en colombia: (Colombia);bolsa de empleo: (Colombia);empleos: (Colombia);trabajo: (Colombia);empleo: (Colombia);empleo colombia: (Colombia);el empleo: (Colombia);linkedin: (Colombia);buscador de empleo: (Colombia);teletrabajo: (Colombia);trabajo sin experiencia: (Colombia);agencia de empleo sena: (Colombia);servicio publico de empleo: (Colombia);sena servicio de empleo: (Colombia);empleo en medellin: (Colombia);el empleo bogota: (Colombia);empleo cali: (Colombia);empleo sin experiencia: (Colombia);el empleo colombia: (Colombia);oferta de empleo: (Colombia);empleo medellin: (Colombia);empleo en bogota: (Colombia);agencia publica de empleo: (Colombia);computrabajo: (Colombia);ofertas de empleo: (Colombia);agencia de empleo: (Colombia);empleo sena: (Colombia);servicio empleo: (Colombia);empleo bogota: (Colombia)
2004-01;17,26;51;100;78;85;72;79;100;41;0;0;0;0;0;0;0;0;0;0;0;0;0;68;0;0;0;100;0;47;0;62
2004-02;15,75;43;62;58;52;75;48;66;30;0;0;0;0;0;0;0;94;0;0;0;0;0;0;59;0;0;52;0;31;0;44
2004-03;13,52;38;55;56;32;71;41;52;31;0;0;0;0;0;0;0;0;0;0;0;0;0;58;0;0;0;30;0;14;0;27
2004-04;14,68;44;65;45;40;79;44;59;32;0;0;0;0;0;0;0;0;0;0;0;69;0;0;0;0;0;43;0;15;0;35
2004-05;13,83;30;46;47;39;85;43;47;32;0;0;0;0;0;0;0;0;0;0;0;53;0;0;0;0;0;32;0;18;0;43
2004-06;14,07;44;58;75;56;75;53;57;32;0;0;0;0;0;0;0;0;0;0;0;47;0;0;45;0;0;47;0;17;0;53
2004-07;12,91;64;44;57;64;61;55;58;30;0;0;0;0;0;0;88;0;0;0;0;0;0;41;0;0;0;60;0;20;0;41
2004-08;13,06;40;50;49;48;78;45;50;35;0;0;0;0;0;0;0;0;0;0;0;0;0;0;43;0;1;46;0;15;0;44
2004-09;12,29;40;49;38;49;72;40;47;28;0;0;0;0;0;0;0;52;0;0;0;0;0;27;34;0;0;44;0;13;0;27
2004-10;12,29;36;37;31;40;73;40;40;30;0;0;0;0;0;0;0;0;0;0;0;85;0;60;41;0;0;50;0;13;0;33
2004-11;11,84;46;41;26;34;70;43;42;31;0;0;0;0;0;0;0;0;0;0;0;0;0;32;34;0;1;42;0;13;0;28
2004-12;11,95;41;39;27;39;50;43;40;32;0;0;0;0;0;0;0;100;0;76;0;0;0;0;0;0;0;37;0;12;0;36
2005-01;13,26;74;60;100;77;66;76;63;62;0;0;0;0;0;0;0;0;0;0;0;63;0;57;46;0;3;75;0;24;0;50
2005-02;14,1;67;54;58;59;75;54;52;48;0;0;0;0;0;0;0;0;0;0;0;66;0;51;48;0;2;57;0;27;0;42
2005-03;12,95;49;41;50;47;69;46;38;47;0;0;0;0;0;0;0;42;0;41;0;54;0;28;42;0;3;47;0;20;12;33
2005-04;12,02;49;42;43;39;79;42;39;44;0;0;0;0;0;0;0;0;0;0;0;39;0;33;33;0;2;33;0;13;0;28
2005-05;12,49;52;34;39;44;76;44;42;42;0;0;0;0;0;0;0;0;0;0;0;37;0;27;43;0;3;43;0;19;17;27
2005-06;11,54;72;41;50;56;61;53;38;47;0;0;0;0;0;0;0;0;0;40;0;29;0;26;40;0;3;42;0;21;0;45
2005-07;12,05;95;41;58;56;57;59;46;55;0;0;0;0;0;0;0;38;0;0;0;46;0;32;41;0;4;51;0;20;0;34
2005-08;11,72;59;45;46;48;68;49;41;44;0;0;0;0;0;0;0;0;0;32;0;32;36;30;45;0;4;58;0;21;10;43
2005-09;11,33;63;33;40;43;66;45;36;41;0;0;0;0;0;0;0;0;0;0;0;40;0;42;36;0;4;39;0;20;0;27
2005-10;9,9;54;45;38;46;68;42;40;38;0;0;0;0;0;0;0;0;0;33;0;31;39;36;34;0;5;35;0;17;9;28
2005-11;10,28;47;33;39;43;67;43;30;39;0;0;0;0;0;0;0;0;0;0;0;31;0;32;31;0;6;47;0;22;0;35
2005-12;10,27;68;32;59;51;45;51;35;39;0;0;0;0;0;0;0;0;0;38;0;0;43;38;30;0;7;43;0;25;14;23
2006-01;13,37;100;64;89;100;63;100;71;84;0;0;0;0;0;0;58;76;72;65;0;68;55;69;96;0;11;90;0;77;35;68
2006-02;13,08;81;30;53;56;87;60;34;59;0;0;0;0;0;51;39;32;0;38;0;32;0;36;35;0;10;63;0;38;21;31
2006-03;11,37;66;36;55;59;100;55;38;50;0;0;0;0;0;49;47;27;0;45;0;42;37;41;40;0;10;40;0;45;24;31
2006-04;12,06;63;26;39;52;82;45;29;46;0;0;0;0;0;24;32;23;39;32;0;31;35;28;27;0;10;43;0;29;17;29
2006-05;11,87;56;30;43;46;76;48;30;44;0;0;0;0;0;38;63;23;0;29;0;26;34;24;30;0;9;44;0;32;20;22
2006-06;10,48;70;32;52;53;68;59;30;54;0;0;0;0;0;44;62;42;0;33;0;22;44;53;28;0;13;52;0;42;18;33
2006-07;12,3;79;38;59;63;57;64;37;62;0;0;0;0;0;45;45;51;33;41;0;31;41;55;51;0;15;67;0;41;24;41
2006-08;13,04;66;27;45;54;65;55;29;52;0;0;0;0;0;46;28;27;0;32;0;25;39;33;28;0;14;46;0;42;24;23
2006-09;12,91;64;26;46;51;62;53;27;56;0;0;0;0;0;40;30;30;0;30;0;23;44;41;24;0;15;47;0;40;17;21
2006-10;11,36;57;26;48;43;61;52;27;55;0;0;0;0;0;27;36;24;0;35;0;33;43;33;23;0;17;42;0;33;15;21
2006-11;11;63;23;45;47;57;51;26;54;0;0;14;0;0;48;49;0;0;35;0;29;32;25;22;0;14;31;0;39;18;23
2006-12;11,84;64;14;42;50;39;48;19;46;0;0;0;0;0;26;28;28;0;27;0;20;37;31;30;0;17;37;0;39;15;19
2007-01;14,28;95;29;80;84;50;84;37;85;0;0;0;0;0;59;84;53;24;46;0;32;35;60;50;0;28;63;0;59;31;41
2007-02;12,86;73;24;62;62;58;67;30;65;0;0;0;0;0;60;69;41;37;36;0;32;39;49;35;0;24;53;0;55;28;37
2007-03;12,03;64;22;56;53;58;56;24;57;0;0;0;0;0;57;64;46;23;35;0;26;56;40;26;0;25;45;0;58;29;25
2007-04;10,81;59;26;48;53;57;61;28;62;0;0;0;0;0;60;64;32;25;29;0;39;52;47;33;0;25;43;0;54;28;28
2007-05;11,7;64;23;52;51;62;57;25;61;0;0;0;0;0;59;52;35;22;28;0;32;32;43;38;0;26;43;0;50;26;25
2007-06;11,2;72;24;60;56;53;61;27;64;0;0;0;0;0;51;41;38;29;50;12;29;55;46;36;0;32;61;0;53;22;34
2007-07;11,35;67;24;69;61;52;65;29;70;0;0;0;0;0;66;62;49;28;46;0;25;47;57;37;0;35;50;4;59;30;35
2007-08;10,86;59;25;57;55;57;55;28;62;0;0;0;0;0;54;47;32;15;42;0;30;55;40;36;0;33;45;0;45;24;30
2007-09;10,87;60;24;51;47;52;49;22;59;0;0;0;0;0;34;35;37;23;33;0;30;41;44;29;0;34;39;0;42;18;29
2007-10;10,21;56;17;49;47;54;48;21;55;0;0;0;6;0;43;46;28;23;25;0;26;46;36;31;0;31;42;0;48;22;25
2007-11;9,49;55;22;51;43;53;44;22;53;0;0;0;0;0;49;56;28;23;31;0;28;34;39;29;0;31;34;0;47;21;26
2007-12;9,92;56;17;46;43;41;52;19;53;0;0;0;0;0;44;45;31;24;14;0;25;40;32;29;0;28;35;0;42;20;21
2008-01;13,3;80;29;82;75;57;75;33;85;0;0;0;0;0;69;66;55;38;47;0;37;86;69;47;0;49;71;0;67;29;42
2008-02;12,19;65;23;63;58;70;69;23;73;0;0;7;0;0;58;55;44;28;39;0;31;50;47;33;0;44;48;0;57;24;29
2008-03;11,34;55;21;55;49;62;51;21;63;0;0;0;0;0;49;41;41;19;27;0;25;47;49;22;0;39;43;0;48;20;20
2008-04;11,08;60;21;58;49;70;55;23;65;0;0;7;0;0;34;36;36;21;28;0;30;44;40;28;0;43;46;3;49;20;25
2008-05;10,81;52;22;53;43;62;50;24;63;0;0;0;0;0;48;44;33;23;30;0;33;43;36;28;0;42;33;2;46;21;27
2008-06;11,41;59;20;60;51;52;53;23;65;0;0;7;0;0;38;31;40;24;31;0;29;53;41;34;0;48;42;0;50;16;27
2008-07;12,21;61;20;61;51;46;58;23;69;0;0;0;0;0;51;44;37;28;27;0;32;55;44;36;0;53;43;0;48;22;29
2008-08;11,43;56;18;58;44;53;45;21;62;0;0;0;0;0;37;39;34;26;25;0;26;47;39;29;0;47;38;2;46;18;24
2008-09;11,05;58;18;57;41;56;48;20;60;0;0;6;0;0;44;42;22;24;26;0;25;47;32;26;0;50;33;0;44;20;23
2008-10;10,18;61;17;48;38;58;45;19;61;0;15;0;0;0;40;35;29;16;25;0;30;43;35;24;0;51;37;0;40;18;19
2008-11;10,91;50;15;44;36;50;42;19;51;0;0;6;0;0;42;38;29;23;19;6;28;44;40;27;0;45;33;0;32;16;22
2008-12;10,77;52;13;39;36;38;40;16;55;0;0;0;0;0;33;28;21;28;24;0;23;34;25;27;0;46;33;0;33;13;22
2009-01;14,47;88;29;70;63;44;69;32;96;0;0;0;0;0;67;58;52;32;41;0;46;66;59;52;0;81;59;0;60;28;43
2009-02;12,77;80;19;60;47;63;59;24;78;0;0;6;0;0;57;49;35;30;44;0;36;58;46;41;0;69;45;0;50;25;35
2009-03;12,19;63;20;55;41;60;50;23;67;0;0;0;0;0;49;40;42;34;35;0;34;56;46;33;0;63;41;3;44;22;30
2009-04;12,12;41;26;50;40;57;56;30;71;0;0;0;0;0;57;30;46;41;27;0;50;50;57;50;0;63;49;0;63;21;38
2009-05;11,76;35;26;50;37;59;53;29;68;0;0;0;0;0;51;28;54;46;28;0;42;53;56;45;0;59;47;2;60;19;36
2009-06;11,6;38;22;53;39;45;57;27;69;0;0;0;0;0;60;36;38;37;32;0;39;62;58;48;0;65;50;0;72;21;41
2009-07;12,84;42;25;56;43;47;61;30;74;2;0;0;0;0;62;34;52;36;34;0;43;73;61;48;0;72;54;0;75;22;41
2009-08;11,94;34;23;49;40;52;56;27;68;3;0;8;5;0;49;26;48;30;33;0;39;56;54;42;0;66;48;0;64;18;36
2009-09;12,44;36;22;46;36;55;51;27;57;0;0;0;5;0;51;34;45;32;27;0;42;64;54;42;0;61;45;3;69;19;34
2009-10;11,76;30;18;46;33;53;46;25;47;0;0;7;0;0;56;31;40;29;31;0;31;58;50;42;0;60;40;2;67;21;39
2009-11;11,39;27;21;40;36;58;46;29;43;0;0;0;0;0;68;41;38;31;33;0;35;75;52;45;0;55;39;0;79;26;39
2009-12;11,31;26;16;36;30;35;40;25;38;0;0;0;0;5;59;26;28;29;20;0;31;46;40;40;0;55;26;0;58;22;35
2010-01;14,88;51;35;66;55;40;71;44;67;3;0;0;6;0;100;56;82;80;40;9;65;100;100;87;0;89;62;3;100;36;75
2010-02;12,69;72;29;54;45;57;56;35;53;3;0;0;0;0;68;45;63;51;37;9;56;87;79;64;0;75;47;0;82;26;58
2010-03;11,96;64;26;47;34;56;50;33;48;5;0;0;0;0;55;45;52;55;37;0;50;69;65;64;0;70;41;0;76;22;54
2010-04;12,44;65;29;41;34;59;47;35;49;4;0;0;4;0;46;39;43;54;36;0;53;48;65;57;0;65;41;0;68;20;52
2010-05;12,26;61;29;37;31;57;44;34;43;4;0;5;4;0;41;35;43;43;39;7;52;62;56;61;0;64;38;0;62;19;52
2010-06;11,98;87;25;37;32;45;45;34;47;5;0;0;5;0;45;30;46;53;35;9;51;52;59;64;0;65;39;0;60;21;55
2010-07;12,86;91;25;38;35;41;48;36;51;5;0;0;0;0;53;45;61;55;32;6;56;54;69;61;0;74;45;0;67;23;55
2010-08;11,38;77;26;39;34;51;50;37;51;7;0;0;5;0;47;48;49;43;34;9;70;53;68;59;0;67;42;0;72;22;52
2010-09;10,87;77;23;36;30;55;50;42;55;4;0;6;5;0;43;40;52;48;39;7;89;47;70;59;0;68;45;0;69;23;52
2010-10;10,45;62;23;35;31;50;43;33;45;7;0;5;0;4;39;40;42;39;32;6;65;44;57;53;0;64;39;0;58;22;49
2010-11;10,93;60;21;29;28;51;43;33;43;10;0;6;4;0;40;42;32;36;33;0;64;42;46;45;0;61;37;0;63;20;48
2010-12;11,23;53;16;23;24;34;37;29;40;7;0;0;5;0;29;41;24;28;25;11;58;36;38;44;0;58;32;0;48;17;40
2011-01;13,9;65;31;55;44;41;73;53;64;11;7;0;10;0;73;100;55;68;70;10;100;75;72;82;0;96;58;3;93;36;80
2011-02;13,14;53;27;38;35;56;55;41;50;10;0;2;7;0;44;59;44;48;55;11;82;54;57;57;0;79;44;3;58;20;59
2011-03;10,95;50;24;34;28;56;46;36;42;13;0;3;6;0;30;49;35;34;45;11;69;43;43;49;0;71;39;2;50;16;47
2011-04;11,27;48;21;32;28;54;40;35;41;12;0;3;8;0;24;40;33;38;44;8;58;42;42;48;0;68;33;2;43;14;45
2011-05;11,55;57;24;32;28;60;41;38;41;17;0;4;9;0;22;39;32;35;43;11;67;44;47;52;0;70;37;2;43;14;46
2011-06;11,04;53;24;33;29;51;46;40;45;17;0;3;12;0;38;81;33;40;46;12;76;46;47;55;0;76;38;2;55;27;52
2011-07;11,7;53;20;32;32;43;43;37;45;15;0;0;11;0;30;61;36;42;46;14;65;51;49;57;0;73;39;1;47;19;54
2011-08;10,42;47;21;30;29;54;42;36;38;18;0;4;9;0;19;47;38;41;47;11;70;39;46;58;0;67;39;2;43;14;53
2011-09;9,93;48;18;26;25;55;43;33;42;19;0;4;10;0;20;46;35;37;51;14;60;50;44;55;0;72;37;2;48;17;53
2011-10;9,36;52;16;26;25;55;38;25;38;20;0;4;8;0;19;33;38;35;42;11;45;38;48;42;0;65;33;1;42;14;42
2011-11;9,49;57;17;26;29;56;42;26;44;21;0;2;9;0;17;29;36;33;50;11;45;45;43;51;0;64;38;2;44;14;46
2011-12;10,07;54;15;26;25;34;36;20;38;20;0;3;8;0;15;28;29;29;39;10;33;34;36;43;0;63;28;1;40;15;40
2012-01;12,79;79;23;45;43;49;63;38;66;24;0;3;16;0;24;45;55;65;73;21;74;74;70;87;0;94;63;3;64;24;86
2012-02;12,08;69;21;37;38;66;53;34;61;24;6;3;15;0;18;37;45;53;64;21;85;59;59;69;0;88;52;2;50;21;66
2012-03;10,5;59;18;32;32;63;50;29;57;24;5;4;13;0;15;29;37;45;53;16;54;53;52;56;0;86;47;2;46;17;52
2012-04;11,09;54;16;29;29;57;48;25;51;22;0;3;11;0;17;29;43;43;50;15;43;50;50;49;0;66;45;2;42;16;50
2012-05;11;62;19;30;31;66;45;28;55;21;0;33;10;1;21;37;39;45;50;15;51;48;49;57;0;66;45;3;47;18;56
2012-06;10,24;68;17;32;31;47;51;30;60;24;0;9;14;0;24;38;35;49;60;18;65;48;54;58;0;74;52;2;49;21;58
2012-07;11,16;61;17;31;36;49;52;29;66;22;0;22;13;0;33;39;38;48;54;20;61;54;52;61;0;71;53;3;50;22;57
2012-08;9,99;59;15;26;29;58;47;24;60;25;0;14;13;0;29;35;32;43;54;16;43;48;41;52;0;64;48;2;46;19;50
2012-09;10,14;59;16;25;29;60;46;24;57;27;0;14;12;0;31;30;34;47;49;14;42;48;42;52;0;61;46;2;44;17;49
2012-10;9,17;60;15;28;29;60;50;25;65;32;0;13;12;0;37;37;34;49;49;17;55;41;46;54;0;64;47;2;47;21;52
2012-11;9,46;51;15;23;25;59;44;24;54;28;0;18;12;0;29;31;32;38;47;16;58;45;40;45;0;60;44;2;39;16;43
2012-12;9,94;49;11;21;22;32;36;18;43;27;0;42;11;0;27;21;22;36;40;12;37;36;32;38;0;55;37;1;34;14;36
2013-01;12,34;89;22;46;51;53;68;32;95;37;4;17;24;0;53;44;53;77;88;34;67;85;76;87;0;100;83;3;60;28;80
2013-02;12,01;74;19;37;39;64;58;29;81;37;0;16;17;0;43;36;50;69;68;24;57;57;61;70;0;81;66;2;51;22;72
2013-03;10,38;61;16;27;30;58;46;26;66;37;0;13;16;0;31;24;39;57;52;20;62;42;50;60;0;69;54;2;37;15;56
2013-04;10,45;63;17;32;34;64;52;27;74;42;0;12;20;0;40;32;34;58;61;23;65;48;48;65;0;71;57;3;39;20;61
2013-05;9,82;62;17;31;33;67;51;25;72;43;0;11;18;0;41;30;34;54;59;23;52;49;49;56;0;66;53;3;39;22;55
2013-06;9,51;62;16;29;35;53;48;25;67;44;0;9;22;0;37;23;40;63;64;24;47;46;53;62;0;68;57;3;35;17;60
2013-07;10,16;68;18;33;37;54;54;28;80;44;0;8;25;0;37;27;42;62;60;30;67;47;61;71;1;75;66;3;39;19;62
2013-08;9,66;60;16;26;34;57;48;25;67;40;0;9;20;0;36;27;38;52;59;27;59;48;51;62;0;68;61;3;37;17;59
2013-09;9,17;58;16;27;33;60;50;23;70;39;0;19;21;1;37;24;34;50;58;27;47;48;47;58;0;62;60;4;35;18;56
2013-10;8,13;58;16;28;33;65;50;26;64;36;0;12;19;2;40;34;38;51;57;24;46;45;53;53;1;55;55;5;42;24;58
2013-11;8,63;52;16;24;29;64;46;23;58;34;5;39;19;3;36;28;34;47;57;22;51;47;47;50;2;54;53;7;36;19;50
2013-12;8,65;52;11;20;23;39;37;21;53;29;0;20;17;4;32;21;26;39;39;19;54;35;33;43;2;49;41;6;32;15;43
2014-01;11,53;70;23;41;47;53;69;33;85;40;0;15;35;7;53;43;45;87;88;46;85;71;71;96;6;84;85;12;57;26;81
2014-02;11,09;56;17;33;40;66;56;25;73;39;0;13;29;6;32;26;40;62;67;37;53;55;57;74;6;67;61;11;43;17;65
2014-03;9,84;53;15;28;34;67;48;22;64;37;0;12;24;5;28;22;35;60;58;33;47;48;51;62;6;59;51;11;37;14;57
2014-04;9,31;52;14;25;31;64;46;23;62;37;0;13;22;5;23;20;34;50;57;30;55;44;47;55;6;56;53;10;37;13;52
2014-05;9,07;46;15;27;32;67;48;26;63;37;15;10;25;6;30;23;33;49;55;31;67;43;48;55;8;56;52;13;36;16;53
2014-06;9,4;53;15;25;29;54;47;24;57;34;3;7;29;9;29;22;35;50;53;36;50;46;48;55;8;56;56;14;35;16;57
2014-07;9,69;60;18;34;36;54;59;27;74;42;3;34;37;11;50;30;40;67;72;42;55;55;60;75;15;64;68;22;55;26;66
2014-08;9,16;56;15;30;33;62;53;26;64;39;4;14;27;9;56;30;33;53;66;39;52;48;49;63;13;57;65;19;48;32;54
2014-09;8,61;54;18;33;34;72;59;29;70;43;24;74;25;9;59;28;35;54;62;36;79;53;54;62;14;60;60;21;43;37;65
2014-10;8,1;58;15;26;31;66;52;26;66;41;10;33;24;9;49;27;34;54;61;30;66;47;48;54;15;48;53;21;43;29;55
2014-11;8,06;52;14;26;30;65;50;24;62;41;9;25;25;9;48;26;32;49;54;32;50;42;48;51;14;44;54;19;35;31;57
2014-12;9,04;53;11;20;24;43;45;19;56;36;6;11;22;17;50;31;23;56;44;26;35;40;35;41;23;41;43;27;31;34;51
2015-01;11,15;83;22;43;51;56;90;36;100;46;15;17;48;39;93;61;55;100;89;61;75;78;75;100;80;70;84;85;68;56;100
2015-02;10,23;71;18;35;41;70;73;32;85;45;15;42;39;44;60;45;40;67;74;50;81;63;59;83;51;61;71;61;57;41;75
2015-03;9,12;70;15;29;36;71;63;29;75;43;14;19;34;46;38;43;31;58;59;41;71;43;48;70;34;48;62;46;51;42;63
2015-04;9,74;61;14;27;36;67;61;22;73;46;12;19;35;37;33;46;35;59;60;39;46;45;51;65;29;47;59;43;45;40;59
2015-05;9,22;55;15;26;34;68;56;23;73;42;16;15;31;24;25;36;32;74;59;40;44;46;47;54;28;43;56;42;37;29;57
2015-06;8,5;60;13;29;36;59;61;24;77;44;11;19;36;28;37;33;33;61;61;39;61;46;51;62;40;44;65;51;41;31;62
2015-07;9,22;67;14;29;36;57;61;27;77;48;17;16;38;37;34;32;35;55;64;46;64;55;54;64;35;48;63;49;47;31;59
2015-08;9,3;61;12;27;33;67;54;20;71;42;14;21;27;28;18;27;28;48;56;38;42;44;45;57;20;40;52;35;37;26;57
2015-09;9,07;59;12;27;34;70;52;19;70;46;22;27;30;22;15;27;29;60;62;37;41;41;46;50;29;40;54;38;33;22;59
2015-10;8,44;55;11;25;31;64;50;15;67;41;22;19;25;25;19;27;30;42;60;33;36;39;45;46;33;37;47;44;33;21;51
2015-11;7,56;49;11;24;30;64;48;18;62;39;21;23;27;20;16;21;28;41;53;33;37;37;43;47;26;35;49;36;27;19;47
2015-12;8,82;49;9;23;26;44;46;16;57;39;22;11;27;22;18;21;24;43;44;31;32;34;39;40;27;36;45;36;26;17;46
2016-01;12,18;66;13;49;55;63;86;24;80;41;33;16;51;100;41;51;46;66;90;64;43;74;72;80;70;57;88;90;69;39;82
2016-02;10,37;52;13;38;44;74;67;19;71;39;33;17;44;58;23;33;35;53;79;55;34;62;57;64;49;47;71;58;49;30;67
2016-03;10,46;48;11;29;38;73;58;18;59;37;27;18;35;24;18;21;30;47;65;45;32;48;49;56;38;40;58;47;35;28;54
2016-04;9,32;50;11;29;37;74;60;18;65;37;28;18;37;24;20;23;32;45;65;49;30;52;51;58;40;39;66;51;34;31;57
2016-05;9,24;43;11;27;37;80;54;17;59;38;27;18;39;21;18;21;32;49;62;45;30;50;48;58;33;40;61;45;30;30;59
2016-06;9,19;49;10;31;41;64;61;17;59;40;37;17;44;46;19;26;32;61;71;54;29;54;50;61;29;39;66;48;33;37;63
2016-07;10,2;44;10;31;44;62;60;16;60;38;29;18;46;42;19;29;31;58;72;53;29;53;52;60;31;39;63;48;32;38;61
2016-08;9,23;46;10;30;42;69;59;18;59;39;34;31;38;25;20;38;30;42;67;49;37;55;50;56;34;37;64;49;31;49;58
2016-09;8,85;43;10;26;39;73;55;16;55;38;34;30;36;22;14;30;28;43;67;48;30;47;44;56;27;35;65;41;27;40;59
2016-10;8,63;41;9;26;37;74;53;16;53;39;30;24;35;22;15;31;28;42;65;39;27;47;43;52;25;32;54;38;26;42;55
2016-11;7,77;36;9;25;35;73;52;15;51;39;30;20;35;36;16;32;26;45;57;41;25;45;42;48;24;31;53;42;26;46;55
2016-12;9,1;34;7;20;32;53;45;13;44;34;27;14;30;21;18;24;23;38;46;33;24;38;36;42;21;28;45;34;23;38;49
2017-01;11,96;53;14;48;60;69;94;26;76;48;43;22;69;49;37;70;46;67;99;82;50;79;75;89;72;50;92;91;60;71;95
2017-02;10,87;43;12;39;51;78;71;20;65;43;43;31;55;34;25;43;41;62;75;68;38;60;62;71;46;42;73;62;41;62;73
2017-03;9,9;38;10;32;44;79;62;16;56;41;42;26;50;43;19;48;34;50;65;54;25;53;55;57;32;36;67;52;40;54;60
2017-04;9,14;37;9;27;40;77;57;15;53;40;38;25;40;37;17;35;31;45;59;48;24;48;50;57;26;33;59;44;31;46;63
2017-05;9,84;37;11;31;43;81;62;16;59;41;44;30;44;28;24;43;28;50;63;49;25;55;51;57;33;36;64;49;34;61;62
2017-06;8,98;42;10;33;47;70;67;17;58;45;44;22;57;30;25;46;33;53;69;60;26;56;56;65;36;39;69;54;32;60;70
2017-07;9,94;39;10;33;45;65;69;16;60;47;42;19;53;30;24;46;36;46;71;56;27;53;55;60;36;38;65;54;35;62;72
2017-08;9,52;38;11;32;41;75;63;16;57;44;39;20;50;35;21;44;32;46;64;53;25;52;53;55;32;36;57;49;36;64;55
2017-09;9,55;36;9;29;37;75;59;14;56;42;36;21;45;32;22;40;29;44;56;48;23;44;49;55;26;33;60;45;34;58;52
2017-10;8,74;35;9;29;35;72;56;14;52;45;39;25;40;31;25;43;25;40;59;40;20;46;46;50;33;32;56;50;30;62;55
2017-11;8,76;33;9;26;34;75;54;13;52;40;41;25;42;26;27;39;24;40;54;41;22;43;42;48;27;30;52;46;28;60;52
2017-12;8,91;29;8;20;25;51;49;12;41;39;35;19;35;28;30;38;22;34;41;35;16;32;35;34;39;28;44;53;29;54;46
2018-01;12,14;50;13;45;57;69;92;20;79;53;70;27;76;38;41;63;45;64;100;83;27;75;77;82;59;53;89;80;48;100;92
2018-02;11,19;39;12;34;45;80;74;17;65;53;58;22;63;29;32;48;38;48;79;68;23;56;61;73;34;39;65;52;34;82;73
2018-03;9,77;31;9;26;38;77;59;13;53;44;50;20;52;25;27;40;30;40;63;56;20;45;48;57;28;32;52;44;26;61;59
2018-04;9,73;36;9;31;42;81;62;14;54;47;52;21;53;24;28;41;29;42;64;56;20;47;49;59;29;33;60;46;28;67;62
2018-05;9,98;34;10;28;36;80;58;14;52;41;55;18;50;22;27;37;28;37;58;51;19;48;48;55;25;28;54;43;25;60;55
2018-06;9,31;35;9;28;35;65;58;14;51;42;53;16;60;24;30;40;31;39;60;57;18;45;48;54;26;29;55;44;25;62;57
2018-07;10,04;37;9;31;40;64;64;15;54;47;55;17;61;29;32;43;30;41;67;62;21;45;52;56;32;29;64;50;29;69;59
2018-08;9,43;30;10;30;39;74;60;15;53;45;60;20;60;26;30;40;30;38;60;63;20;52;49;55;30;30;59;48;26;65;58
2018-09;9,67;34;9;27;38;77;60;13;50;47;59;23;55;25;30;39;27;35;60;60;17;47;45;49;29;27;53;51;26;63;52
2018-10;9,36;30;9;27;36;69;59;13;50;48;52;18;54;28;30;40;26;33;64;52;20;44;46;46;32;26;54;53;26;65;54
2018-11;8,99;26;8;24;32;72;55;12;46;49;49;15;59;22;30;36;23;33;53;54;17;43;43;44;27;25;56;45;25;54;51
2018-12;9,99;23;6;22;27;50;56;10;34;40;49;10;49;63;36;59;19;23;44;48;12;39;33;35;100;22;44;100;43;58;44
2019-01;13,08;39;11;40;55;72;85;18;67;56;75;15;95;32;37;52;41;48;91;100;29;68;68;77;38;44;87;66;33;96;80
2019-02;12,09;32;9;32;43;79;72;15;57;51;63;16;80;30;35;44;32;36;71;78;23;49;57;60;41;30;72;56;29;81;59
2019-03;11,18;25;8;27;39;76;62;13;46;47;59;13;65;26;27;37;26;32;61;67;19;44;46;55;35;27;59;56;25;68;57
2019-04;10,66;25;8;26;36;72;59;11;48;47;72;13;61;25;27;40;24;33;59;63;16;44;43;45;30;25;53;48;24;69;52
2019-05;10,95;26;8;24;36;80;59;12;45;52;68;16;63;26;33;38;25;32;59;62;20;42;46;46;30;26;49;51;24;72;54
2019-06;9,72;25;8;24;33;67;55;12;41;50;72;13;67;24;26;36;27;28;61;64;21;38;47;44;29;24;52;52;23;73;51
2019-07;11,28;26;8;25;38;68;61;12;45;54;77;18;70;33;28;41;26;34;65;70;17;43;44;49;38;26;51;54;28;74;58
2019-08;11,2;25;7;25;34;70;54;11;41;52;66;17;59;25;27;32;25;28;56;60;16;38;42;40;29;24;50;50;23;67;50
2019-09;10,8;23;8;23;31;72;54;12;40;54;67;16;52;33;26;35;22;28;54;51;20;37;36;42;38;23;49;52;25;61;47
2019-10;10,12;20;7;21;29;67;49;10;36;51;64;14;45;35;24;33;21;23;45;48;15;35;38;35;48;21;38;60;26;56;42
2019-11;9,62;19;7;19;28;66;51;10;33;47;59;13;51;33;25;37;21;23;44;46;15;36;37;33;40;20;41;55;27;57;41
2019-12;9,95;18;5;16;24;46;42;8;28;44;57;8;40;25;23;33;16;20;36;34;13;31;28;27;37;18;34;48;19;48;33
2020-01;13,46;30;10;36;48;67;80;16;56;68;100;16;96;37;44;50;34;41;82;92;26;64;62;61;48;34;73;63;36;94;74
2020-02;12,81;25;9;27;39;79;65;13;46;58;70;15;71;33;36;43;28;32;67;70;19;48;49;46;38;30;54;53;34;81;57
2020-03;13,18;16;6;16;23;70;42;9;31;49;43;80;38;20;22;28;17;19;41;37;13;29;28;27;22;18;30;36;19;48;32
2020-04;20,49;12;6;12;17;60;32;8;25;52;21;100;21;13;35;17;10;14;23;21;13;21;17;19;14;12;23;37;10;47;23
2020-05;21,97;13;6;12;21;69;35;9;27;53;31;73;30;18;23;20;14;17;33;30;15;22;23;25;18;16;30;36;15;37;29
2020-06;20,36;15;6;15;24;57;38;9;30;59;40;53;41;19;24;23;15;18;37;38;14;27;27;25;18;18;39;35;16;39;32
2020-07;20,91;17;6;16;24;52;39;9;32;61;35;40;40;21;28;27;14;18;39;37;16;26;27;24;23;19;37;38;18;45;29
2020-08;17,44;14;6;15;24;57;38;9;30;55;33;37;41;24;27;29;13;17;36;38;14;26;24;27;23;18;36;35;19;44;30
2020-09;16,29;17;8;19;28;65;48;11;35;55;37;36;57;29;26;34;17;24;45;54;18;32;32;30;29;20;41;43;30;49;41
2020-10;15,28;15;7;18;27;61;46;12;30;47;37;26;56;25;30;32;16;20;43;52;18;31;30;27;28;20;41;42;22;50;39
2020-11;13,91;14;6;16;24;60;39;10;27;44;28;23;54;23;24;31;15;19;38;45;17;27;25;25;26;17;36;39;19;45;33
2020-12;13,91;12;5;12;20;42;35;8;21;42;27;19;49;17;23;26;13;15;29;41;12;23;23;21;22;16;32;33;16;39;28
2021-01;17,56;19;8;26;40;58;61;13;35;54;39;27;100;27;33;46;24;29;60;84;20;49;42;38;34;27;56;49;29;65;40
2021-02;15,59;16;7;22;31;61;49;10;30;54;33;22;69;23;30;38;21;22;47;67;15;37;34;31;29;21;46;43;25;57;39
2021-03;14,73;13;7;19;26;62;43;9;28;50;31;23;60;24;28;33;16;20;38;55;14;30;29;23;27;18;38;43;22;50;32
2021-04;15,49;11;7;17;24;58;39;9;25;49;27;26;54;20;23;30;13;18;33;51;14;26;24;23;24;16;32;36;17;47;31
2021-05;15,2;11;7;15;23;57;36;9;21;47;23;25;49;17;21;28;12;14;27;47;13;24;24;18;20;15;35;32;17;37;28
2021-06;14,65;12;7;17;25;52;39;10;26;46;27;21;60;18;23;28;16;18;35;57;15;29;31;20;23;17;39;36;18;40;30
2021-07;13,06;11;6;16;26;52;37;9;24;47;22;19;61;20;23;27;16;17;37;58;12;29;30;20;24;17;37;36;19;41;30
2021-08;12,86;10;6;18;25;61;39;9;21;45;24;20;57;26;23;28;15;15;37;54;13;28;26;19;25;16;36;39;21;40;29
2021-09;11,96;10;6;15;21;58;37;8;22;50;19;20;44;28;24;31;13;16;31;45;13;26;24;16;31;15;32;45;20;40;24
2021-10;12;9;6;14;20;56;33;8;20;47;21;19;41;26;23;24;13;13;29;35;12;26;23;15;26;14;28;37;18;43;22
2021-11;11,53;9;6;12;19;56;32;7;18;57;17;18;41;21;21;23;11;12;26;34;11;23;19;15;22;13;26;31;16;35;21
2021-12;11,1;8;4;11;15;39;27;5;16;44;17;11;31;20;21;22;9;10;22;22;9;22;17;11;21;12;20;28;15;31;15
2022-01;14,65;16;8;24;31;56;48;12;29;68;29;22;67;44;39;47;18;23;41;63;17;35;30;24;40;22;43;58;32;60;34
2022-02;12,91;13;8;19;25;72;42;10;28;71;22;22;55;35;29;36;13;17;34;47;15;29;25;18;31;18;38;47;25;46;26
2022-03;12,12;11;7;17;22;69;36;9;23;70;17;21;45;27;23;28;11;13;29;40;12;26;22;13;23;15;30;34;21;41;22
2022-04;11,17;11;7;16;20;67;36;9;24;71;17;22;45;26;24;27;11;14;31;35;14;27;21;13;24;14;30;35;18;40;20
2022-05;10,65;11;7;16;19;67;36;9;24;70;17;23;42;23;24;27;12;15;28;32;14;24;21;13;21;14;27;35;18;41;21
2022-06;11,26;11;6;17;20;57;35;8;24;70;19;21;41;26;26;29;11;14;29;35;13;25;19;14;25;15;30;34;19;43;20
2022-07;10,99;12;7;16;20;56;37;9;24;75;19;22;44;28;28;29;11;15;28;36;14;28;21;14;27;16;31;38;20;39;22
2022-08;10,63;11;7;17;20;66;36;9;25;78;20;23;43;31;24;32;11;14;31;35;14;24;21;14;28;18;29;38;23;42;21
2022-09;10,75;10;6;16;20;66;34;8;23;80;15;22;36;26;23;28;10;12;27;29;13;24;20;13;25;16;29;34;19;38;19
2022-10;9,72;9;7;15;19;62;33;8;20;68;17;20;32;27;21;25;10;10;27;28;14;23;21;11;25;16;26;35;18;33;17
2022-11;9,5;9;6;14;19;61;32;8;20;76;17;20;34;26;20;24;10;11;23;25;13;21;17;10;24;16;23;30;16;32;15
2022-12;10,27;8;5;11;14;45;27;6;16;64;13;15;28;28;20;22;8;10;20;22;10;18;16;9;29;14;21;33;15;28;14
2023-01;13,7;14;8;23;29;61;47;11;31;100;22;26;60;31;29;30;14;19;42;47;15;32;29;19;31;27;41;43;25;51;29
2023-02;11,35;12;7;19;26;72;41;10;27;88;19;23;48;29;26;27;12;14;34;38;14;31;24;16;27;22;35;39;21;46;24
2023-03;10,03;10;7;17;24;70;38;9;25;78;18;23;41;29;23;26;11;13;29;34;13;28;22;14;27;20;31;41;21;39;21
2023-04;10,72;9;6;16;22;64;33;8;20;73;18;18;40;24;20;21;13;13;30;31;11;27;21;13;21;17;29;33;17;34;20
2023-05;10,48;10;7;15;21;75;35;8;23;75;16;20;42;24;20;23;11;12;29;32;12;22;21;12;20;19;26;34;17;35;20
2023-06;9,34;9;6;16;23;61;38;8;20;78;16;19;44;22;20;22;11;14;31;33;11;25;22;13;20;19;28;32;16;36;19
2023-07;9,57;9;6;18;23;59;36;8;19;78;17;17;43;24;22;25;12;13;31;34;10;25;21;14;22;19;27;36;15;39;22
2023-08;9,28;8;6;16;21;61;33;8;18;74;15;18;44;21;19;20;10;12;29;32;11;24;18;12;20;18;24;32;15;36;19
2023-09;9,25;8;6;16;20;66;32;8;17;76;14;18;37;20;19;23;10;10;26;27;11;25;18;11;20;17;24;31;14;37;17
2023-10;9,23;8;6;14;18;60;29;8;15;72;12;17;32;23;18;22;10;11;22;25;10;22;18;12;21;17;22;33;16;33;17
2023-11;9,01;6;6;14;17;59;30;7;16;66;13;15;36;27;18;22;10;10;22;24;10;23;17;11;25;16;24;36;16;34;16
2023-12;10,01;7;5;13;14;44;26;6;15;58;8;11;29;19;15;17;7;10;19;22;8;18;15;10;19;14;19;28;13;28;15
2024-01;12,66;11;7;25;28;59;46;11;24;93;18;21;58;32;26;29;14;19;35;46;13;32;29;18;30;26;35;53;22;45;29
2024-02;11,67;10;7;19;25;68;40;9;24;95;14;19;44;27;24;23;11;16;26;32;14;27;22;12;24;20;31;43;18;38;23
2024-03;11,29;7;6;15;19;60;30;8;16;77;9;18;33;21;19;19;8;11;23;25;11;22;17;10;21;17;22;34;15;30;18
2024-04;;8;7;17;20;65;33;8;18;85;11;19;36;21;21;18;9;13;22;27;12;26;19;12;21;18;25;36;15;32;19
2024-05;;8;6;15;19;72;31;8;18;82;15;16;35;19;21;17;9;12;23;26;12;22;19;11;19;17;24;34;13;31;18
